group,Accepted,Wrong Answer,Runtime Error,Time Limit Exceeded,Compile Error,RJ_total,WA_ratio,RE_ratio,TLE_ratio,CE_ratio
G3,65885,84228,19737,21695,8513,134173,0.62776,0.14710,0.16169,0.06345
G4,242237,214174,41393,47770,16555,319892,0.66952,0.12940,0.14933,0.05175
G5,311870,216130,37655,38295,13975,306055,0.70618,0.12303,0.12512,0.04566
G6,499658,233986,37149,29141,18881,319157,0.73314,0.11640,0.09131,0.05916
ALL,1119650,748518,135934,136901,57924,1079277,0.69354,0.12595,0.12685,0.05367
