group,Accepted,Wrong Answer,Runtime Error,Time Limit Exceeded,Compile Error,RJ_total,WA_ratio,RE_ratio,TLE_ratio,CE_ratio
G5,31463,41979,13020,18105,2626,75730,0.55432,0.17193,0.23907,0.03468
G6,174812,150823,33174,48352,8521,240870,0.62616,0.13773,0.20074,0.03538
ALL,206275,192802,46194,66457,11147,316600,0.60898,0.14591,0.20991,0.03521
