group,Accepted,Wrong Answer,Runtime Error,Time Limit Exceeded,Compile Error,RJ_total,WA_ratio,RE_ratio,TLE_ratio,CE_ratio
G2,45318,36744,9536,1993,9582,57855,0.63511,0.16483,0.03445,0.16562
G3,159092,102043,21671,6609,16029,146352,0.69724,0.14807,0.04516,0.10952
G4,351085,152084,26660,9273,21034,209051,0.72750,0.12753,0.04436,0.10062
G5,339421,113717,18646,6410,14832,153605,0.74032,0.12139,0.04173,0.09656
G6,479769,117290,17939,5417,20245,160891,0.72900,0.11150,0.03367,0.12583
ALL,1374685,521878,94452,29702,81722,727754,0.71711,0.12979,0.04081,0.11229
