group,Accepted,Wrong Answer,Runtime Error,Time Limit Exceeded,Compile Error,RJ_total,WA_ratio,RE_ratio,TLE_ratio,CE_ratio
G1,31776,19721,5578,118,11643,37060,0.53214,0.15051,0.00318,0.31417
G2,88486,39683,12725,384,17871,70663,0.56158,0.18008,0.00543,0.25290
G3,199723,64290,22564,590,22656,110100,0.58392,0.20494,0.00536,0.20578
G4,364053,76480,25762,643,27004,129889,0.58881,0.19834,0.00495,0.20790
G5,334575,51769,17272,398,19264,88703,0.58362,0.19472,0.00449,0.21717
G6,491289,67770,21134,739,27366,117009,0.57919,0.18062,0.00632,0.23388
ALL,1509902,319713,105035,2872,125804,553424,0.57770,0.18979,0.00519,0.22732
