group,Accepted,Wrong Answer,Runtime Error,Time Limit Exceeded,Compile Error,RJ_total,WA_ratio,RE_ratio,TLE_ratio,CE_ratio
G4,77762,96841,29192,50374,8142,184549,0.52474,0.15818,0.27296,0.04412
G5,154882,137847,39038,69204,9099,255188,0.54018,0.15298,0.27119,0.03566
G6,428683,262968,58197,79006,17990,418161,0.62887,0.13917,0.18894,0.04302
ALL,661327,497656,126427,198584,35231,857898,0.58009,0.14737,0.23148,0.04107
